days_since_last_login,tasks_completed_per_week,teammates_invited,integrations_used,support_tickets_raised,churned
19.96714153011233,40.99033154879003,1,0,1,0
13.617356988288154,33.869505243691535,1,0,0,0
21.476885381006923,20.89445554880261,4,5,0,0
30.230298564080254,10.29594833441639,1,4,0,1
12.65846625276664,30.473349704203848,3,3,2,0
12.658630430508195,25.902280781326244,1,1,0,0
30.792128155073915,33.42789830041598,2,1,0,1
22.674347291529088,29.52757702522954,5,0,0,0
10.305256140650478,35.743290729790026,4,1,0,0
20.425600435859646,11.97147182659148,3,3,0,0
10.365823071875377,39.76091098451489,3,2,1,0
10.342702464297432,22.963994070385993,5,0,2,1
17.419622715660342,51.12891308937898,3,1,1,0
0.0,9.662182728656482,2,3,1,0
0.0,46.03945704747874,1,2,0,0
9.377124707590273,22.968661751939717,2,1,2,1
4.8716887966557625,10.228729945783275,1,2,1,1
18.14247332595274,12.741712489185176,2,1,0,0
5.91975924478789,15.194790377085198,1,2,0,0
0.8769629866470847,26.362489196028747,3,2,0,1
29.65648768921554,27.842532320532495,3,0,1,1
12.742236995134643,11.394499940921316,6,2,0,0
15.67528204687924,19.634681116085257,5,1,0,0
0.7525181378654331,52.13405537917795,6,1,0,0
9.556172754748173,45.91314755151067,1,2,1,0
16.10922589709866,26.54485504511048,2,1,0,0
3.4900642257769725,20.570052172523006,4,1,0,0
18.75698018345672,21.80046990077392,2,0,0,0
8.99361310081195,29.20276959095625,1,1,0,0
12.083062502067232,4.658111522023917,4,2,0,0
8.982933877706031,16.139351938649824,4,1,1,0
33.522781845089376,0.0,1,3,0,1
14.86502775262066,25.98834683907919,4,2,0,0
4.422890710440996,29.707939095541114,3,0,1,0
23.22544912103189,12.75220306550939,1,0,1,1
2.7915635002897776,43.60980144935049,2,2,1,0
17.088635950047554,1.613515054964882,1,3,0,1
0.0,0.0,2,0,0,0
1.7181395110156945,23.36677727839958,2,2,0,0
16.968612358691235,35.70647453918232,3,2,2,0
22.384665799954107,45.25891537186803,4,2,3,0
16.713682811899705,13.1167360569659,4,0,0,0
13.843517176117595,36.180212501469434,0,2,0,0
11.988963044107113,19.42237295748939,3,2,1,0
0.21478009632572537,17.410590500887707,0,0,0,0
7.801557916052913,33.25489906230008,3,0,0,0
10.393612290402125,29.784843176201292,1,1,0,1
25.571222262189156,0.0,4,1,1,0
18.436182895684613,42.14810524588844,5,1,1,0
0.0,40.70137031221177,1,1,0,0
18.24083969394795,10.61655947735706,3,2,0,0
11.149177195836835,25.937053001561136,3,3,0,0
8.230779996940413,27.41045279424108,3,1,0,0
21.11676288840868,23.910106487358608,2,3,0,0
25.309995224959508,11.745422692318698,3,2,1,1
24.312801191161988,9.925649480929227,3,3,1,0
6.607824767773614,19.61668893512832,4,2,0,0
11.907876241487854,37.59093528889047,3,4,0,0
18.31263431403564,28.154002318916483,1,2,0,0
24.755451271223592,14.44078501870841,2,1,0,1
10.208257621547101,31.575480659725173,4,1,0,0
13.143410233361829,0.0,1,0,0,0
3.936650259939718,37.23148550558155,4,1,0,0
3.037933759193292,0.0,2,1,0,0
23.12525822394198,14.563385878953017,1,3,1,0
28.56240028570823,3.2049515806078404,5,1,0,0
14.27989878419666,0.5797778641864149,6,0,1,1
25.03532897892024,37.41240181067779,1,2,1,0
18.61636025047634,12.984481980321629,7,0,0,0
8.548802453948756,25.197558225960737,4,0,1,0
18.613956055084138,19.29619131681224,3,2,2,0
30.380365664659692,27.155612408346823,3,2,0,0
14.641739608900485,21.15232836590383,0,1,0,0
30.64643655814006,0.7551166371714544,3,1,0,0
0.0,34.9440022917071,3,0,0,0
23.21902504375224,12.593651252580312,1,1,0,1
15.870470682381713,0.0,0,1,0,1
12.009926495341325,13.578272585511312,2,1,0,0
15.917607765355022,42.51139685951466,4,4,1,0
0.0,32.753326131702394,6,2,2,0
12.803281121624881,14.770217983882112,3,2,1,0
18.571125715117464,14.761134435223568,3,1,1,1
29.77894044741516,15.175474231739262,2,5,0,0
9.817297817263526,51.15121975341261,1,1,0,0
6.915063971068124,25.7290317834733,0,3,0,0
9.982429564154636,26.450624707866044,2,1,0,0
24.15402117702074,35.45425181047763,6,2,0,0
18.287511096596845,23.5818373853977,6,2,0,0
9.702397962329613,16.11436781268945,3,0,0,0
20.13267433113356,17.054752263725327,3,1,0,0
15.970775493480403,18.925981108789042,2,3,0,0
24.686449905328892,19.441666452352376,5,2,0,0
7.979469061226476,30.914443154554696,3,2,0,0
11.723378534022318,20.77918828710949,2,2,1,0
11.078918468678424,30.98960115823369,2,0,1,1
0.36485051867881424,18.789251298371266,2,4,1,1
17.961202770645762,21.17952785474136,3,0,0,0
17.610552721798893,0.0,1,2,0,1
15.05113456642461,33.74491512053722,6,1,0,0
12.654128666248532,25.19732713846989,4,0,0,0
0.8462925794958576,34.97015164789478,6,0,0,0
10.79354677234641,0.0,2,2,1,1
11.572854834732304,51.325620571710914,5,2,0,0
6.97722730778381,17.906155577672394,2,0,1,1
13.387142883339909,36.622742251062746,3,0,1,0
19.040508568145384,4.401411093117037,6,2,1,0
33.8618590121053,29.191608575938545,6,2,2,0
16.74577812831839,4.198766552395158,5,1,0,0
17.57550390722764,10.643465589562924,4,2,0,0
14.255540842338327,48.71047030800179,3,1,1,0
0.0,17.139763988549802,1,3,0,0
14.734861245507831,23.261493097695844,4,1,0,0
15.602302099410265,33.05101596033131,3,1,0,0
39.63242112485286,27.43522831958907,4,6,0,0
13.076390352188774,22.256283577153646,2,1,1,1
18.015473423336125,25.47441503699338,2,1,1,0
14.652882302947567,56.05123377857412,4,2,0,0
3.313219623804679,19.13571804449622,4,0,0,0
26.428228145150207,23.016485700724512,1,1,0,0
22.519330326867742,35.75981594011418,2,0,2,1
22.91031947043047,36.58288899436975,4,0,0,0
5.90612545205261,37.805454583405705,2,1,0,0
29.02794310936099,29.58095333043777,3,3,3,1
0.981489372077192,2.854926309042746,5,2,0,0
20.868570938002705,44.50147298451644,2,0,0,0
36.90455625809979,2.80481910471968,2,2,0,1
5.094636748693116,24.539531978585497,2,1,0,0
9.33702270397228,8.685862249709631,2,3,0,0
15.996513650876413,19.037924801105113,4,2,0,0
9.965243458838007,24.931436154552205,2,1,2,0
0.0,24.820358231754096,2,0,0,0
15.685629748060274,26.328811313529272,3,3,0,0
4.376962862738951,44.20566903587971,2,3,1,0
19.735924306351816,26.8030145227097,2,2,1,0
5.805757657661969,16.33765047064027,2,2,0,0
30.499344050175395,34.46130752432536,5,0,0,0
7.167467076637629,37.842057333869604,4,0,0,0
11.779384837943244,1.5858827729451122,4,1,0,0
23.135172173696695,28.96100104774787,4,1,1,0
2.6913568356604483,30.517591134663476,4,1,0,0
17.274599346041295,15.536547449600121,4,1,0,0
28.07142754282428,40.635602199674295,0,2,1,0
0.0,17.7491661945121,1,1,1,0
16.846338585323043,21.883646802073134,4,2,0,0
17.598827942484235,17.403922635741957,1,0,0,0
22.818228717773103,20.233685713722014,4,2,1,0
2.6304928912191805,3.5558736965719717,1,1,1,0
1.795433869157236,0.0,2,1,0,0
20.219415656168977,43.917575948374584,2,3,1,0
17.96984673233186,7.295579775225082,1,1,0,1
17.504928503458764,5.129114758155392,4,2,1,1
18.464482094969757,0.0,7,0,1,1
8.199752784215093,10.415573784657466,3,1,0,0
17.322536971610035,0.1536530988875242,4,1,0,1
17.93072473298681,44.630227402045534,5,1,1,0
7.856485819736322,35.14725634013951,3,2,2,0
33.65774511144757,9.677744822334143,2,1,0,1
19.738329209117875,53.786537080164635,3,2,0,0
3.0869650279735144,34.72648230487391,2,2,0,0
21.565536086338298,15.127529247370664,2,2,0,0
5.253183297726785,0.0,4,1,0,1
22.87084603742452,54.364138588861124,1,1,4,0
26.58595579007404,0.0,5,0,1,0
6.7931768164828945,0.0,2,1,0,1
24.633761292443218,35.338556480144604,3,0,1,1
19.12780926936498,56.59628609508909,6,1,0,0
23.2206015999449,40.764092277657774,3,2,2,0
33.967929826539475,28.458636800785392,3,1,1,0
12.546118839971296,28.921315124979287,7,0,0,0
7.462638356425105,32.80123338170462,3,1,1,0
6.104855703744768,31.383928846801478,1,2,1,0
6.841897150345616,24.217871359540638,0,2,0,0
14.228982905858958,21.56301655927814,3,0,1,0
18.411519748166437,19.061103081507163,1,2,0,0
17.76690799330019,8.690531166999856,2,2,1,0
23.27183249036024,15.78987384699839,1,1,1,0
15.13001891877907,0.0,3,0,0,1
29.535340771573168,18.524905598078753,1,1,0,0
12.35343166762044,5.1711333927362375,2,2,0,1
42.20169166589619,3.4461602417634367,4,2,0,0
21.25667347765006,22.698412267302178,3,3,0,0
6.428424435837174,40.88003429516899,4,2,0,0
4.291075019388877,33.774749090034696,2,1,0,0
19.824724152431852,0.0,2,0,0,1
12.765372146741491,5.155577951444936,3,2,0,0
22.14000494092092,34.111567819823236,1,0,0,0
19.73237624573545,5.262689096925357,2,2,1,0
14.271710873431273,16.63050275004463,4,4,1,0
6.53206281931595,28.25078148536828,6,2,1,0
0.0,5.47483317704547,4,0,1,1
10.534850479329789,21.5806325921894,1,2,3,1
23.56398794323472,0.0,4,1,0,1
17.14093744130204,10.979485340731795,4,1,0,0
2.542612212880119,24.796729012138055,1,2,0,1
16.73180925851182,0.0,5,3,1,0
18.853173797288367,26.607121069405984,2,0,0,0
6.161425637988669,19.705433016099782,1,4,0,0
16.53725105945528,28.287349316257217,4,1,0,0
15.582087184459999,23.35871201096992,3,0,0,0
3.5702970216937686,40.46210644960766,3,0,1,0
18.577873603482832,21.87836753971861,6,2,0,0
20.607845263682343,13.558916883121206,4,0,0,0
25.83051243175277,21.834462545484257,9,4,0,0
25.53802052034903,28.14947043554582,3,1,0,0
1.2233063204290886,20.732901054885566,2,0,1,0
5.621749600848773,20.608875368058236,3,3,1,0
20.150352672086598,9.47012468289867,2,1,0,1
20.137859509122087,10.056486236735777,5,1,3,0
20.15047686306048,0.0,4,1,3,0
53.52731490654721,46.24365114780409,3,1,2,1
20.70890510693167,1.3420514691307233,5,2,0,0
26.355656401805987,9.60642203306139,3,0,1,0
24.540017634932024,9.223891016462039,1,2,0,0
21.51391251305798,33.42386565416662,3,4,0,1
11.847307553596544,15.575754825619583,7,0,1,0
22.589692204932675,38.716131090106,3,2,0,0
7.271747854624282,9.897640636341972,2,1,1,0
12.631813932599911,24.184912433357027,5,2,0,0
10.146364521708964,7.469794201103641,2,1,2,1
15.818741393863226,52.177236916600826,4,2,0,0
38.146585666735085,2.186023714557308,1,2,0,0
0.0,24.647310653405412,3,0,0,0
21.862601903745134,29.50665321398148,8,3,0,0
0.0,26.206986461772473,3,0,2,0
10.280681342105666,17.220685116834375,5,3,0,0
25.88950596967366,18.052689503998607,6,2,0,0
15.642800190954627,20.657172079686642,5,1,0,0
4.222552220706939,17.79496997557267,4,5,0,0
7.846962907400318,34.45818675192365,3,0,2,0
21.795977489346757,53.157845023870266,4,1,1,0
7.696333682828634,11.637623224882496,0,1,1,1
17.164585895819748,0.0,8,0,0,0
15.455718399038139,18.675769274731177,2,1,1,0
8.48399652394183,58.695640064814775,4,1,1,0
36.439440893253256,7.944881480454038,0,1,0,1
21.33919022318011,44.58675208166101,1,2,0,0
0.0,45.165512211146606,7,2,0,0
16.864543147694278,11.696176374380082,4,1,1,0
8.38213535231612,28.53474618777913,5,1,1,0
23.52433334796224,44.42594934692807,1,2,1,0
7.074792615672994,14.313083885187694,5,0,1,0
13.85263558533101,16.946294598464572,1,0,0,1
20.04987278980457,11.274786290770344,2,2,0,0
23.657551941701215,4.7786490396069965,1,1,0,0
2.9970359294422373,10.260836824009893,4,1,0,0
11.654987641590516,1.640895998566151,3,1,1,1
10.250546888390438,20.511252023888392,1,0,0,0
8.466707674262882,8.450401534120374,3,0,1,0
32.65454240281097,23.506788676861216,2,2,0,1
19.049817109609556,0.0,2,0,0,0
2.3911604566495477,24.963203483216855,1,0,1,0
24.17861947054776,32.50293442413387,3,1,0,0
36.22156197012633,0.0,2,3,0,1
25.324652605511467,25.61084854771358,3,0,1,0
0.0,38.41503488709938,3,3,1,0
10.157659271337486,1.8553847196319175,5,3,0,1
27.669111491866225,45.08858580256555,6,2,0,0
7.923305343812192,26.28528514049068,3,1,0,0
19.438194281462284,9.424822163623867,5,1,0,1
22.746340534293367,19.16346383513441,2,2,0,0
5.73069528421917,28.374903687825835,2,1,0,0
14.404746439381999,21.14008087118617,4,3,1,0
0.0,28.081339886695538,3,1,1,0
4.756123586657102,6.189896103809506,2,1,0,1
12.474318486068396,22.54041236054117,1,1,0,0
2.522168180351505,0.0,5,3,0,0
31.32411303931635,18.331609079769496,3,2,0,0
0.6985862203936737,6.441385378028153,4,0,0,1
10.599555133030162,8.967050861153501,1,3,2,1
16.307405772860914,38.54139762815656,3,2,2,0
29.412732890661154,36.369651808914035,4,2,1,0
0.6413784882056071,29.137071813607655,2,3,0,0
26.631637521549596,3.6153085299113137,2,2,0,0
15.102330610195871,15.253873254577972,2,1,0,1
5.18491348952049,38.19646549968775,4,3,0,0
19.62103474263271,22.125753704598573,5,3,0,1
16.990596955734702,54.78994309972541,2,1,3,0
8.997831228412053,25.89976759091558,2,3,1,0
15.698020849900189,22.880736747350475,4,2,0,0
11.146864031382398,15.36325303696248,0,2,0,1
16.13517345251248,22.003113571734236,3,2,1,1
21.621306745210468,17.71295245429184,0,2,1,0
30.860168161453522,30.621630150328855,2,4,0,1
2.6218450117315086,34.35053475191876,2,1,1,0
36.330333746562665,8.210158092380757,1,1,0,0
0.0,0.03150569663332803,4,1,0,0
13.482149049644168,0.0,5,2,0,0
20.883172064845766,27.619869903688155,1,0,1,1
17.809918677350325,3.449500907391897,4,1,0,0
8.773004801794063,0.0,0,0,0,1
12.918777496427248,25.828679067964462,6,4,1,0
10.069990653411672,57.39499276149186,5,2,1,0
9.106352430557884,19.9089363269016,1,4,0,0
23.496020970210246,32.577361616774624,5,2,1,0
18.570154859650472,21.227440378213476,1,1,0,1
8.070904047393459,18.51665520213286,4,1,0,0
23.995998754332508,33.786147244816526,2,3,2,0
18.072995208766095,15.64588183717023,1,3,0,0
23.1286211883896,24.010884711078546,3,1,1,0
21.29628841923612,24.825467092940205,3,0,1,0
6.710049890779278,9.97864319535427,6,2,1,0
9.398189598030305,34.88063524304784,0,3,0,0
22.47293605123262,17.37560364956887,3,2,2,0
21.103702654334647,8.66382260760733,5,0,0,0
14.790984060358518,28.047647653556055,1,0,1,0
16.17327383308782,6.522980273134442,3,2,2,1
27.776648957884248,20.422717360536925,4,0,3,1
9.0842861116417,19.863215050336947,2,1,1,1
20.47097381170038,36.28843348747367,3,1,0,0
12.97807347566106,27.12047349319929,7,0,1,0
12.823187967727797,19.62459561882284,1,1,0,0
25.9877685198719,32.266494488004305,3,1,2,0
23.2541634898803,40.8531132352597,3,2,1,0
23.135096360006386,28.36715459527793,1,2,0,1
28.054788071543292,20.155289297650707,1,0,1,1
15.21003841632759,0.32245651474760706,2,3,0,1
21.819529712949638,4.023295053869411,2,0,0,1
11.89733243406544,15.421629434679986,6,1,0,0
18.241663524884423,10.857316967610753,1,2,0,0
13.698569456323154,17.19543045521831,3,3,2,0
15.969959649927182,20.84974887345661,3,0,1,1
20.951570254369138,27.94539131535096,4,1,0,0
6.817793167665275,18.942518329113632,2,1,1,0
35.92387275685461,27.29752465739303,3,1,0,0
4.93982618500298,20.967116222151805,4,1,1,1
2.8581138721226793,0.0,2,1,1,1
26.581108735000676,5.909969092718686,3,1,0,1
22.91662693962936,17.838686664175768,2,3,0,1
21.24119817052155,1.8545788573833875,4,0,0,1
21.2834550926428,28.998930949943066,1,2,0,0
14.877532271530853,42.96126248515546,3,1,0,0
6.027456285141685,38.28142777545975,5,1,2,0
15.758045581937264,16.79835693604688,2,3,0,0
8.228382884878883,42.36089205274928,4,2,0,0
24.751197334177512,22.230011858031673,2,0,2,1
13.529426184978613,14.943710433229409,1,0,1,1
6.7450280320748845,10.798960046885904,3,0,0,0
11.786141583470066,15.462954702678076,4,1,0,0
19.129314542756244,14.177347721881569,7,1,0,0
9.362754471960253,22.556243335632317,4,3,0,0
6.777796044335686,22.408609715747968,6,1,0,0
17.436872114919122,20.045690302301217,4,1,1,0
17.449665711087228,26.554072546195247,1,2,0,0
9.930568246288702,37.859694121795116,1,2,0,0
10.289616943816771,34.24331203161986,7,1,0,0
17.320499373576364,0.0,4,3,0,1
0.5191565850267583,0.0,3,0,0,1
0.9253622562344468,34.01479866858911,3,2,0,0
7.81555778747564,0.0,3,3,0,0
12.865528482881528,16.628518971609747,3,3,0,0
18.109075655980046,2.4483046091096057,1,2,0,1
29.75356216949552,0.0,1,2,1,1
23.576596232020194,28.12194092307182,3,3,0,0
13.400614700365729,31.387327404539704,0,1,0,0
14.809837920973111,11.352343989099209,3,0,0,0
4.974706353621912,0.0,3,1,0,1
14.814868640076101,11.806333276212758,0,1,0,1
12.113413610798617,25.8770600810382,2,1,0,0
18.227185603380896,0.0,1,3,0,1
6.72769056447677,22.750398796687335,2,0,1,0
20.193465142411725,19.770352262405066,4,2,0,0
30.32738913002578,28.689372494016325,4,1,0,0
13.912398515431423,21.7937055262123,1,2,2,0
19.017117220989412,5.403965886776668,3,0,1,0
21.901439917111126,37.948572524967375,3,0,2,0
10.987795281141636,17.62205640459545,2,2,1,0
17.24092481810417,19.59043190735102,2,0,0,0
15.125924007817948,6.00098061390206,3,2,0,0
15.976760985488317,13.350766232127345,2,1,1,1
7.269902161445335,6.727959289596486,3,2,0,0
15.245101742589426,17.405809101148655,2,2,1,0
19.979982912454496,45.67562720213515,1,1,0,0
29.511436077950417,0.0,0,2,0,1
24.59270826085207,0.0,3,0,0,0
36.531824575115564,42.06755491240413,4,0,0,0
7.326524371119505,16.860144842722008,4,1,0,0
23.72320636720678,9.963908920101252,3,2,2,1
16.833420057383517,35.59857031094115,3,1,0,0
36.89802933217672,10.915766903947038,6,0,0,1
6.917017146448485,47.39014570320404,4,1,1,0
6.602781578192239,30.168888070089036,4,1,0,0
9.00607354555978,12.68132887781446,5,1,1,0
0.0,52.359623198982554,1,0,0,0
9.74244978319239,10.914276154949924,4,0,1,0
7.40867338446302,31.131430580139604,2,1,0,0
16.503937864762076,24.48938870609738,4,1,1,0
18.417559757771595,39.52611934098197,5,0,1,0
33.761708392158866,43.42266795090279,2,1,4,1
24.504238381860503,20.480062235986498,4,0,0,0
9.23096344337597,8.698731944807248,1,1,0,1
6.015853286516421,26.899582144086747,2,2,2,0
19.919191715065057,9.834269453718408,4,1,4,1
1.7976679297935778,50.200808712899345,1,2,0,0
33.31458765854354,22.04802996624106,1,4,0,0
26.79440120721287,14.520176730318369,0,1,0,0
10.308243478952953,22.770204587973627,3,1,1,0
0.0,0.0,3,2,1,1
28.538723741654128,5.425789422340227,4,2,0,1
13.854601547473822,38.00620861916638,2,1,0,0
27.378163119734616,10.146585815429065,3,1,0,0
0.0,4.296335259770906,6,2,0,0
9.006249770462272,28.049791287909294,2,2,0,0
15.052436997181832,37.78556231994496,2,2,0,0
15.46980593764742,30.784299659976,2,0,0,0
10.499345285207564,34.940715287087244,4,1,0,0
21.22849932347499,8.64807367145809,1,2,1,1
4.323795706174057,0.0,4,3,0,0
13.576205149787064,42.5200047793323,3,1,0,0
16.20295631711899,15.159802417367963,3,2,1,0
20.14438834058749,16.23750475317429,5,0,0,0
22.1161487808889,39.92291212773587,3,1,1,0
3.7535790816213073,28.3434501410099,1,3,1,0
0.0,26.838316581224113,1,0,0,1
27.77676821898509,52.47503517351626,3,2,0,0
18.323140119795916,10.347226544297856,5,1,1,1
7.515134634434464,33.917601921218555,4,3,0,0
30.51151975522523,20.85519687345627,2,0,0,1
16.156746342928585,24.028884182948854,7,2,0,0
26.792971840638266,42.927026396187976,0,1,0,0
15.67518481410109,27.617536344344355,4,0,1,0
35.60747924881987,28.074441185744494,2,1,0,0
32.55340842443204,36.087610059647034,3,2,0,0
12.510358515209266,14.52570905685672,1,2,1,1
24.715709509543554,7.411854989914904,3,1,0,0
21.453759495851475,4.327862089684496,1,0,0,0
28.686315575323487,0.0,3,0,1,1
5.350765394198955,50.843106949104836,6,1,1,0
21.86051459998439,3.4518745141747544,3,3,0,0
25.58424486849588,16.68119564621342,2,1,1,0
0.0,15.847800501666189,1,0,2,1
3.167414873342249,24.61110046713651,4,0,1,0
0.0,32.23605818808945,4,2,1,0
12.305931655554422,32.90710232539618,3,0,0,0
22.17542255795962,11.253838421465924,1,1,1,0
30.02357052096028,17.49317429320383,4,4,0,0
15.740947804197752,24.238699257324495,2,2,0,1
31.28615545571292,16.269633107246793,4,0,0,1
1.1989854178510857,44.110183640299894,1,2,0,0
0.0,27.36462427457377,5,2,0,0
14.444523011033812,31.02316679074726,3,4,0,0
18.840654489393074,29.943219030011193,1,1,0,0
14.67305251905907,37.60210786227987,2,1,0,0
0.0,22.715323380555603,1,0,0,0
14.108799604872116,0.5475207806623033,5,1,0,1
1.9553049949514687,25.995319276289624,1,0,0,0
21.696725488300384,10.229646593122565,3,4,1,1
18.665982460968483,12.070749773753647,2,1,2,0
5.601202136726448,28.7954602813264,3,0,1,0
9.861330826633065,38.57424607150453,2,2,0,0
4.407864781110485,20.319073651040924,5,2,0,0
14.373209027268281,24.632495188984457,4,0,1,0
24.551423205012384,45.533224169528566,5,3,1,0
5.142739536644562,23.611297692328524,2,1,1,0
20.040465155178445,59.02524671270592,3,0,0,0
9.697423816275592,28.482644684473165,2,2,0,1
7.071271677376558,0.0,1,0,1,1
13.929696400454421,31.300124316567988,3,2,0,0
4.647576775806259,25.717375773241667,1,1,1,0
9.46350694652818,39.34629131124119,7,1,0,0
3.0212210741115157,30.097720269049375,6,0,0,0
34.64725132916389,17.923160240243394,3,1,0,1
15.352635519717285,1.6355264556595124,4,2,0,0
8.002744920074143,16.864651140709622,1,1,0,0
17.13979910734222,7.242193186860499,1,4,1,1
13.876719503091701,11.29214825292916,2,0,0,0
12.790304004667771,28.828676066309143,3,3,0,0
21.141667000434254,45.04856756527109,3,3,0,0
22.575077100473052,25.920072947344718,1,1,0,1
9.694988523894725,2.0617540694722365,4,2,0,0
9.2418175935532,26.66904002330211,1,1,0,0
12.24948302848356,37.94947229968477,3,0,2,0
0.0,10.853256435209268,3,0,0,0
0.0,17.989742499906235,1,1,0,0
28.668742674445248,20.220322920937956,2,1,1,0
31.449677135012838,8.2265253037664,4,0,0,1
12.509639604436217,29.724206507657886,2,2,1,0
20.765569630557664,18.185777770883277,0,1,0,0
18.11250154543536,26.292986658605415,4,0,0,0
45.78880808455238,6.6876173329684985,0,0,0,1
26.195749114345766,13.438125495148842,2,0,0,1
13.720824085192335,30.83572036741657,5,4,0,0
5.444595593995743,14.407502718623494,1,2,0,0
0.0,45.904457768501075,5,3,0,0
17.03463635867223,14.005457215780964,4,1,1,0
7.436492547156966,23.370270886278288,4,2,0,0
0.7774629040232579,33.98886247809635,3,3,1,0
8.534271157574734,0.0,6,3,1,0
4.184519963856051,0.0,2,0,0,0
31.871416350725646,0.0,4,0,1,1
23.816397569494505,38.93876155140773,2,3,0,0
14.920273586833826,11.722127811613298,5,0,1,1
29.79944138890026,58.372989285023785,3,2,2,0
15.773683076476184,11.53628602013917,3,2,2,0
6.387157986717364,22.768269547955555,3,2,0,0
30.231240772696573,43.13164928851813,1,3,0,0
20.389100436846586,50.09139332238684,3,1,0,0
4.6275384567354365,50.92255364954597,6,3,1,0
13.096613219163919,38.12549345889714,3,0,0,1
6.243817466152429,35.360937887171936,1,0,0,0
1.1720026903566385,28.887904238017747,3,3,1,0
24.261775475316412,31.675416142499564,3,0,0,0
34.094166404701305,11.732214255071998,2,1,0,1
1.0143242618085875,7.727016748665392,3,1,1,0
20.629692366905708,19.94938313883572,0,1,1,0
8.493574308781731,17.447230662126074,8,3,0,0
10.128746162353039,13.201579260090872,1,1,1,0
9.076060757611309,30.44581171185073,1,2,0,0
6.36009230320184,34.32957812855766,3,0,0,0
15.48521627944827,21.32610329437771,2,2,0,0
6.690498835889622,42.162951215828926,2,1,0,0
17.70456825779839,2.874663287997425,3,0,0,0
14.49761890550863,17.09510811080423,4,1,0,1
12.610519531335903,9.247665190957926,3,2,0,0
5.924363379584021,0.0,7,1,1,0
9.232286694316674,18.75978971235951,3,1,0,0
22.55391225825756,18.173787374250747,3,1,0,0
20.00917187624381,42.70174614863197,3,2,0,0
5.224447552014489,29.462175268321666,5,2,0,0
15.993323054292258,4.637197635061925,5,0,0,0
22.51387123371789,47.81138849501282,4,1,0,0
0.0,38.31550543288029,4,1,0,0
20.43360192379935,28.731465552029235,2,1,0,0
8.373762410541534,16.602738517252522,6,2,0,0
20.70598668593159,5.608411449147804,3,1,1,1
7.367408434574831,14.416898358934205,2,2,1,1
0.0,36.33122929556279,6,1,0,0
0.0,48.26879458901914,4,1,0,0
15.48084946661382,43.14865292408284,3,3,0,0
17.597225017214818,12.66725867320589,3,1,0,0
5.956833748955914,3.2057385006648325,6,0,0,0
21.38592458777374,22.11329370366806,4,3,1,0
0.0,0.0,2,1,0,0
14.339202013526835,24.847515712771724,1,1,1,0
2.889838002375434,17.78596120551997,3,2,0,0
8.481638921978409,13.009452471976367,4,1,1,1
15.47398671316414,0.0,5,2,0,0
6.395866347160476,27.704001598545748,6,2,0,0
11.154444557701746,12.00948740507133,2,0,0,0
25.062928092144404,2.4512474643456805,4,1,1,1
9.231081304768512,0.0,4,1,0,0
23.356921120651418,19.587276424240457,0,0,0,1
3.702931453423819,46.583773950046165,4,0,0,0
20.29804177915283,44.91888821821805,5,2,0,0
29.415686206579004,13.143556151205923,2,0,0,1
0.0,10.966819094573292,5,2,1,0
7.031047445295232,27.031613841125356,4,0,0,0
20.7707212718054,5.024218412175628,5,0,0,1
12.969546139570074,24.52687849729199,2,0,0,0
18.711458733713087,31.491204175770356,2,0,0,0
8.960148132841795,38.403998358264616,0,1,2,0
15.865897874728999,18.497688852800707,4,1,0,0
13.443227646079205,16.94489374734551,1,3,1,0
26.677820616598073,6.830261198651584,2,1,0,0
17.54420843301213,7.596794689402099,3,4,0,0
18.37602662075202,16.6028166214771,2,1,1,0
10.881230338775326,25.51048260224267,2,0,2,0
10.123937759275066,33.703769393498746,1,1,1,0
10.674418121803791,7.952315739794827,3,1,0,0
18.94452142378297,42.39032853439282,4,2,0,0
10.790155191797371,15.933145984361468,6,2,0,0
17.89774856896413,19.679490584773458,3,1,0,0
35.75400798645439,8.79182481278265,2,3,0,0
23.711247034316923,0.0,3,1,0,0
11.739764678321588,33.26068094541574,1,0,0,0
27.012139221639448,31.052658456386503,2,1,1,0
10.919246269784486,15.780086643226799,1,2,0,0
0.0,21.004860758373077,3,1,0,0
4.919136890825959,27.73908826556149,4,1,0,0
0.0,0.0,2,0,0,1
11.484865159586914,12.064209839805578,2,0,0,0
15.184183791895517,31.913970194327405,3,0,0,0
31.764373122752826,1.1856586524612602,2,0,1,1
18.269273737641626,24.40336898249944,2,1,0,0
12.808994711911357,0.0,3,1,1,0
23.29405581183489,26.996449736502896,1,1,0,0
0.0,19.465377765537745,6,0,2,0
17.35614558108566,0.0,2,1,0,1
22.708651938869668,37.47109031685757,2,4,0,0
0.2141375422015841,8.981126348029262,2,2,0,0
26.43754043206929,7.846213444784285,4,0,1,0
18.38496407494414,23.008537958464142,1,2,1,0
10.847120860991987,37.22956024143073,2,0,0,1
21.32781866106285,4.762672715324046,4,1,1,1
37.70692857804396,20.925197747719576,3,1,0,1
16.818662550584953,26.432247504958596,3,1,1,0
17.48220586300336,30.39658410894716,3,2,0,0
10.406391004597559,22.646623329158377,6,3,1,0
6.501556305352082,14.494582413750166,3,2,0,0
23.303358165442454,7.586146690269205,3,0,1,1
6.439161740911327,21.29215824569562,1,1,0,0
15.715662372193925,3.917914820215895,2,0,0,1
10.223425532348834,0.0,4,1,1,1
19.789798257463918,26.54839706236502,3,2,0,0
18.336621052869482,33.55902261629293,3,2,0,0
25.375399442578992,0.0,2,0,1,1
9.89983601145253,4.854039429350937,3,0,0,0
12.301250647066286,29.287313915077966,1,1,0,0
5.212362842176926,50.862432045675476,2,0,1,0
10.557067399238884,20.311905615131117,2,0,0,0
18.773004930448522,9.079955881562983,3,2,1,1
22.569886166453518,17.2565533834274,5,0,3,0
5.778346758223746,40.623146287222774,3,0,1,0
23.696059201056602,10.31053731313197,6,2,1,0
28.55637858804951,8.012119900246196,2,2,1,0
19.134349032237008,12.758847167269513,5,3,0,0
33.76795812558066,5.700070876119314,6,1,0,0
7.26210800896427,21.840054739921932,6,2,1,0
2.55345296688583,44.370176877043406,3,1,0,0
0.0,24.846189096740435,4,2,1,1
29.96044311489183,16.214697468105687,3,1,1,1
21.543656563540576,15.62283096626684,2,3,0,0
14.44415329089545,0.0,5,1,2,1
17.799686263198204,33.246646657207386,4,1,1,0
3.7451095270162345,18.83244204480797,2,4,0,0
39.45751979616826,17.292801296140617,0,0,0,0
16.292211819752275,67.8966135176729,0,2,0,0
16.093947946048928,24.481293625485293,5,2,0,0
22.25766623898692,8.723134248572235,6,1,0,0
19.810092317367133,13.60463605691685,1,4,0,0
17.238840242791312,37.22668563795132,2,2,0,0
7.095255445546881,21.699056158066465,5,4,0,0
19.714683571359956,0.0,4,0,0,1
33.82024496475034,33.78843401862805,3,1,1,0
28.454200461549775,9.977838716915091,2,3,0,1
30.93186626639397,48.099466643263185,0,3,2,1
9.887843235688148,36.20072098571973,4,1,0,0
5.103951797414192,13.290171565118733,5,0,1,1
13.742130799003519,39.2152454260267,2,1,1,0
15.557249122886946,21.01783265791105,3,2,2,1
25.941915184709487,32.79160512683329,7,2,0,0
0.0,27.27099225941712,5,2,1,0
30.295503194606137,7.3046501751368975,3,1,2,1
13.419921014210106,10.34675251523807,1,1,0,0
10.731189300525799,35.44941226371742,3,3,0,0
4.878956247398325,14.978370018401886,4,3,0,0
0.0,13.945273051370048,1,2,0,0
23.231705839619146,5.673161309759706,3,3,1,1
15.733179671884038,26.353985983901914,3,2,1,1
2.100391002589461,50.937873788647174,4,2,0,0
2.0492122793638394,3.987006286185906,1,1,1,0
11.642153007098717,20.36329185009137,2,0,0,0
31.69021525289393,41.18330833123144,3,1,1,0
12.404086486363951,18.80537913131427,2,2,0,0
0.0,26.78557694374601,1,3,1,0
12.542569359140558,4.064097077796804,1,2,1,0
12.272764302523296,26.42460645811473,3,1,0,0
0.0,17.19283602493177,0,1,1,1
14.457051334821879,34.78594993519795,3,0,1,1
12.69065469791322,37.81079077347127,1,0,2,0
21.962063648134183,58.84345463027921,1,3,1,0
33.48956094945345,28.694497598203633,7,1,0,0
26.265650295477574,24.886944748732496,3,2,1,1
12.311113094451695,22.91576452366004,2,2,0,0
3.9347409125832975,14.702505607839676,4,1,0,0
40.733598032498605,25.07725765192537,4,1,2,0
15.592184340144883,15.568978847914558,0,2,0,0
15.139292919129462,22.526914644044215,3,2,1,0
14.758749128899968,39.7639630341194,3,1,0,0
16.980847607678548,4.901861520805383,7,2,0,0
13.556395880760576,37.09817841693568,3,1,0,0
9.263379931197637,39.75672601009798,2,0,0,0
9.531410587596078,18.22897209513382,4,0,1,0
14.672467297840017,0.0,2,0,2,1
9.56575228866235,10.882670193583513,2,4,0,0
7.871542173228356,39.454918198416635,3,3,0,0
16.06430227691897,19.65697906551677,0,3,0,0
12.450227825791448,5.010466515576338,0,0,1,0
30.039929885826886,12.428376181576738,3,2,0,1
0.0,32.6093003975683,4,2,0,0
25.91506851922462,28.201003523020688,6,2,0,0
27.46085192497629,16.416018512454585,4,3,0,1
0.0,14.497633822779687,2,2,0,0
11.573124059196513,14.123627764342672,2,1,0,0
11.285591340042085,6.163847232522462,8,1,0,0
0.9248830528217873,44.23063534204162,4,0,0,0
7.221833124091247,15.165192961829902,3,1,1,0
3.8942415453417123,38.257377812382444,1,1,0,0
32.52270443423623,42.819740778836774,2,1,0,0
24.35678393147461,34.974663472219405,1,0,0,0
27.715550949941587,13.525695309229274,3,0,1,1
22.21672064043235,26.055951355049142,4,2,1,0
3.709482287827708,19.637065904136257,0,3,1,0
9.754797337202262,6.4444720890480784,2,1,0,0
19.89374561227918,24.865389225824046,5,2,1,0
2.7787219110805452,2.314403132602962,5,1,1,0
22.12998430172388,37.815190826923455,3,2,1,0
12.59674601841865,13.030740540524103,1,1,1,1
11.251791924504024,23.01739483809259,3,2,1,0
22.109599682034915,24.249318073192132,2,1,0,0
19.4426331148604,16.11642539443884,5,1,0,1
11.390338341809201,28.80040702212912,1,2,0,0
26.59329803364248,12.876445150662134,3,2,0,1
4.189366724001026,33.06945946185866,3,2,1,0
21.159356069442637,0.0,4,1,1,1
20.931012579683838,21.89569369319618,2,1,0,1
11.904535606860097,49.08393498587427,2,0,0,0
18.26133022242118,4.99503013091638,1,2,0,0
2.48886423614697,9.833825442127228,0,3,1,0
24.240270192069012,27.708617744883725,2,1,0,0
13.150978635570109,22.693726729093967,2,1,0,0
9.772769794809605,25.259451489103387,1,0,1,0
25.490092258368893,27.337806952214954,5,0,0,0
7.956563094572408,29.52082202842655,7,0,0,0
0.9153870363644039,36.645497629343346,2,0,0,0
0.0,26.14727985392769,2,0,0,0
21.060099513456397,16.381135180721863,2,2,1,0
2.19570647503717,30.08860551804097,1,2,1,0
32.54794181984364,48.49822902342824,2,2,0,0
0.0,18.010493804261397,2,1,0,0
31.964563682900383,5.382060429940378,5,1,4,1
17.110174672026183,36.60621003930459,0,1,0,0
14.032868881296077,18.194282540696026,3,1,0,0
9.550809131910503,0.0,2,0,0,1
18.99136114352071,32.711325157256326,5,2,0,0
14.623652975751517,11.970077210691159,3,1,0,0
26.033018820165214,18.642000765437587,5,0,1,0
16.142276486620396,24.97970495853522,6,0,2,0
16.503017614618777,22.857495196685996,3,1,0,0
11.36387787786144,30.641777257085593,5,0,1,0
14.430543762789325,13.46770444145235,2,1,0,0
18.078017688920593,27.696586972641242,0,1,0,0
0.0,16.106799836241244,6,2,0,0
1.5181457789428698,31.082157213312545,5,1,0,0
22.43264094022715,29.230512260195802,3,1,0,0
16.70865438127942,5.968419469331071,6,0,0,0
13.160166636473209,36.289731742625484,3,2,1,0
15.184339330653932,11.960548323289279,1,1,0,0
18.47581705361671,32.12086697421718,0,2,0,0
9.602403196906385,25.509309701020108,2,2,0,0
7.216952745976873,47.57275515192684,2,0,1,0
16.958452550976816,16.64801026442222,4,3,1,0
5.21627222384968,14.760248058227038,5,0,0,1
19.08252755714472,19.70870591168401,1,2,0,0
0.0,15.45230325748587,4,1,0,0
25.291556373256437,31.99912852913075,3,1,0,0
19.725974824130432,0.0,2,5,0,0
17.560297343138757,4.194763712804688,3,2,0,1
24.82690983945514,3.982956176312104,2,2,1,1
31.654744444625766,34.25461387960364,3,1,1,0
25.143700650181305,45.65920058872888,5,0,0,0
0.0,18.433261721937928,2,1,2,0
2.204230332642984,17.46767415214984,5,1,0,0
8.751814223043212,21.05078244669772,1,2,0,0
15.260910502108338,37.42817453912286,0,2,0,0
20.17659020469123,6.089702987141388,4,0,2,1
7.742561868465344,23.575534741021777,6,3,0,0
16.867667644770783,34.62796444673644,4,1,0,0
7.4461706764667746,27.51641254909768,3,0,0,0
8.884821970080518,22.84372424898115,5,3,2,1
0.9333890315177769,35.01569138850712,2,2,0,0
5.767667538890958,0.0,2,0,0,1
1.4831539438366637,30.168129792963615,2,0,0,0
5.241267470226672,10.188864753088643,4,3,1,0
25.536417966078396,0.0,3,0,0,1
5.50601111168057,27.66803899287471,5,4,0,0
41.32382064837391,40.60487817744436,2,2,1,0
19.933179008808892,17.938272280584624,2,1,3,1
16.84836123694874,34.293118208044085,3,0,0,0
6.416422198187865,44.18417386982968,3,0,0,0
22.003098794089915,39.72371680376071,4,0,0,0
9.243621737622261,44.59946794057089,1,1,0,0
16.220098146453616,31.13191236607838,0,2,1,1
40.60084538268795,21.131504583523892,1,0,1,0
14.0394010027535,0.0,4,2,1,1
26.49273326285676,16.309062678050772,3,4,2,1
7.968235748741126,7.351301070257124,4,1,1,1
14.650115095030383,52.564140762467204,1,1,0,0
32.7080063563551,17.361712813514952,5,1,0,0
8.730329422122326,21.848072101767286,3,4,0,0
33.12448557996929,28.272280640607015,4,3,0,0
22.077519354554752,20.654036695586807,4,2,0,0
9.375332241057324,45.4257656064613,4,3,0,0
21.32407739055521,10.66025957398322,1,4,0,1
24.725544496267297,22.91911182855864,4,3,0,1
21.218099622171962,8.862941214529275,3,2,1,0
0.0,0.19966233168941372,2,1,1,0
7.728628241751315,10.823463636420719,5,1,2,0
12.524813644484952,19.44444804427382,4,0,1,0
14.255665708999537,13.5604666322411,3,1,3,1
21.20672097550678,9.61368530189216,4,1,0,0
16.77701000933254,0.0,4,2,1,0
1.6465564128989882,18.753416410569578,3,2,0,0
18.801978510059634,0.0,1,0,0,1
21.10585745283823,31.40083945534404,2,1,1,0
20.597904479310397,21.23659629401755,0,2,0,0
25.807807255546216,0.0,4,0,0,1
23.33922154548904,15.36186384425205,1,1,1,0
19.591800792284367,8.717653916141252,5,1,0,0
14.298342885413529,24.787617656287708,1,0,0,1
0.0,40.10675669034717,4,2,2,0
19.296182191325858,0.0,1,2,0,0
17.07687687163111,21.725391187211258,6,1,1,0
17.715788371953735,17.598008066500395,4,1,0,0
2.232514241796906,30.070101146756983,1,5,0,0
4.189434595917376,23.197949423565337,3,4,0,0
25.531528533329038,8.720460023917713,3,2,1,0
14.60444846143345,15.214190965000729,4,0,0,0
21.815006973726245,8.059612147947664,2,1,0,0
15.283183761304612,36.14010707897897,4,1,0,0
15.297561394957452,20.319674730079132,3,2,0,0
24.382838059759976,48.51786028629511,3,0,0,0
9.839552717826262,19.09008779278069,2,0,0,0
15.961207769409834,9.373898496343058,4,3,1,1
10.377247112949576,0.0,3,1,1,0
10.655037725676845,0.0,1,1,3,0
11.908278765313607,0.0,1,0,0,0
17.22133771633713,24.00689976517225,2,1,1,1
10.212513783365226,27.63087534844901,2,2,0,0
27.55756125573521,0.0,1,0,0,1
6.053926977804961,33.425574711141735,6,1,0,0
13.131283558386409,12.754084224748407,2,2,1,1
10.60268941725825,22.20189517978324,5,1,0,0
29.469778843537327,44.18330942383136,7,2,1,0
16.965547765115748,33.452589737982976,5,0,0,0
25.31844539468635,15.972040281412514,4,2,1,1
0.14439626963028118,6.632116618770688,3,3,0,0
17.670502658692588,0.0,4,2,1,0
23.89630795623437,9.212700211363698,1,3,0,1
15.822839892754242,16.833046417584583,2,3,0,0
25.654803750653514,5.192307092732241,4,3,0,0
9.827115498996278,18.03114549361543,1,2,2,1
29.0934744018558,21.152778244381523,4,1,0,0
37.9889812361925,16.62716027287882,6,0,1,1
11.371614395603409,10.249961287648103,3,0,0,0
10.54497478599228,22.529820079500915,1,1,1,0
29.53384477117701,26.629109743541136,2,0,1,1
30.795721457307124,3.64401383835731,4,2,1,1
9.771399728467317,41.16398569619405,3,3,0,0
10.798131829041427,18.521178015736073,1,2,0,1
12.182153911394927,20.282744344172716,7,2,0,0
1.5554948896572292,30.62321634884836,2,1,0,0
5.813480535158018,23.498241968952524,5,0,0,0
4.958592332479322,34.29704950869868,6,1,0,0
7.322024348958715,24.306862478027362,1,2,1,0
14.653151126132189,10.813439380393431,0,3,0,0
17.342147325365207,25.422552878091523,2,1,0,0
30.50500492814077,2.844106890190073,3,1,0,0
5.01645959261209,21.628395586647848,5,1,1,1
24.843223984765835,19.501550140333087,0,1,1,0
12.860111557744911,16.878247140911903,0,2,0,0
14.505362903475671,18.071937328416038,3,0,2,0
21.748194921666038,0.0,4,3,1,1
3.7727797843770148,11.769126383885578,3,2,1,0
18.824097461840505,21.39267351711672,4,2,2,1
16.66452208213056,22.397845879961004,3,1,1,0
19.924512640081492,4.584872886110627,5,2,0,0
17.891686439078182,38.985617612970515,6,3,0,0
39.55300139910894,7.007377276782487,3,1,0,1
8.62260015748684,34.541858007901055,4,3,1,0
9.690030449981823,26.407915428075274,1,0,0,0
8.768594735752355,10.306590352342955,3,3,0,0
9.445228808397452,46.62966338914268,3,3,0,0
8.626128726934823,2.0954475236527976,2,2,1,1
26.890165311075517,33.787312604150024,4,1,1,0
29.205042479898548,35.00873477064467,3,1,1,0
9.292537062505238,9.940696863850327,5,2,1,1
6.676444268957713,40.88697950096493,3,1,1,0
19.71415556386404,16.24930228101571,3,3,0,0
9.477769557190287,24.330404439197856,2,4,0,0
21.32931817755511,23.904827581568313,0,3,1,1
17.029230208513,17.985368877941784,4,1,0,0
0.0,32.16212409739673,3,1,0,0
30.475052013300616,31.902330808283196,2,1,2,1
32.95877673095522,0.0,4,1,1,1
8.872113095156138,39.56510364317229,6,1,0,0
11.122984400640158,0.0,4,1,1,0
17.85865390724905,35.48819306512486,4,1,0,0
18.34456789987025,36.90057705241375,2,1,0,0
21.585442726728303,3.635503546772025,1,4,0,1
35.102045387663495,13.837785680681229,1,0,0,0
13.230527725059506,3.4144299727109626,1,3,0,0
7.017027554615463,16.77618454566897,4,1,0,0
1.2068077198547282,15.37948573721388,3,2,0,0
7.6906996005808095,31.6949079840401,4,2,0,0
14.66873027126203,39.654631191794124,4,1,0,0
32.94557863517788,40.93525716184934,2,1,0,0
9.823887009638286,11.567479601325468,6,3,1,0
17.237879516388986,16.86167189383208,3,1,1,1
14.83577103927248,0.0,1,1,1,1
26.88393273448084,7.911949002557169,3,1,0,0
40.26932425873622,34.47277449646187,2,0,0,0
9.691312270796793,44.23374235322348,2,0,1,0
10.10560557481778,1.484766921801171,3,1,2,1
25.44160877069072,11.113036112706586,3,2,0,1
21.818914896263113,19.603913645616096,3,1,1,1
33.46707325736034,24.2024173822941,3,2,0,1
20.83928185325964,7.855947201175308,6,1,1,0
11.407079092129404,26.360915666961347,6,0,2,1
20.906548306923092,12.892409793936258,3,1,0,0
26.08703580582908,19.783215936825812,3,3,0,0
23.20482181197364,28.194263720055496,3,2,0,0
20.072740311072977,20.096334047164067,2,1,0,0
25.66674689589154,13.45421164210147,3,2,0,0
26.692955904456728,18.355852941112538,3,0,0,0
28.821589910375273,18.67455561191997,3,1,0,0
21.48709887589643,14.449834551768085,1,0,0,0
13.328819196831457,16.118059059993463,4,1,1,0
16.467136864333227,43.979707557570755,1,1,0,0
27.06508966508357,28.41379171911858,4,2,2,0
6.8306432901276395,15.567795229562595,2,0,0,0
18.686733088729014,30.454316067661033,2,2,0,1
11.066611876726393,14.992707653659851,5,0,2,0
15.287448229348175,37.596869563799615,4,2,0,0
27.784518626072988,25.54463288297141,1,1,0,0
16.910990680199035,18.390467839936566,1,1,0,0
15.464365481561488,26.715753887154165,5,1,1,0
1.401438590200808,0.0,3,1,1,0
22.46253566027221,3.09848796635292,1,0,0,1
21.454841811410752,2.091124904014169,1,1,0,1
36.6325472330546,22.144146421455602,5,2,1,0
11.922217650469992,45.987724992276384,4,0,0,0
17.191503276639388,53.469502192889486,4,1,0,0
17.49383683710755,29.570766521611358,1,1,0,0
30.774532797634745,27.512667124166853,0,1,0,0
14.04704467613048,0.0,4,0,1,0
17.79021525770339,11.859893003989674,2,0,1,1
21.078965097165394,8.183243721376417,4,0,1,1
16.86609123156358,10.68728602623326,1,2,1,1
10.535663854494718,17.477842721228157,1,0,0,1
16.940899928983075,12.91864133454309,4,3,0,0
25.73631749859772,0.0,2,3,0,1
4.734847005889398,31.218653841763008,1,1,0,0
16.32969674146876,3.9088546139029035,1,1,0,0
7.998791850608268,23.588702961667245,3,2,1,0
26.950466289248425,51.111240046249605,4,2,2,0
0.0,6.209231126203649,2,3,1,1
9.410781527284117,0.0,2,3,0,0
18.77211875064521,15.709936671798339,4,2,0,0
30.655240292343404,36.51439452497857,3,3,1,0
14.342497389270122,49.37521181330891,1,0,0,0
9.448004733068016,1.5567560832137488,1,1,0,1
33.8115706944059,27.450488348547825,3,0,1,0
0.5198609958375595,13.020343148299201,2,1,1,0
0.0,18.410774685437964,3,1,2,0
19.400144500533322,59.66515020525552,2,2,0,0
9.979457756473888,0.0,6,0,0,0
4.787671828692869,23.806094922418602,7,2,0,0
22.083564472993533,27.015397576481497,4,1,0,0
17.43800713771199,36.286794874090205,2,2,0,1
9.359213692632716,21.469747302063432,2,0,0,0
2.1969560132910555,24.620758092561534,0,0,0,0
23.724573282801448,14.125271488673134,5,0,1,0
21.50201177958661,24.03690411867661,2,1,1,0
14.00824136220617,14.852115867538842,4,1,1,0
33.466369960476655,29.323578347840762,4,2,0,0
4.299152336738475,14.455844959345491,4,1,0,1
0.0,25.656505908532797,5,1,0,0
8.080919301187556,19.561057794725325,3,3,0,0
14.544139836445021,36.89075376158252,3,2,2,0
17.433394493226917,19.229094146172706,5,1,0,0
12.587639421436702,0.0,4,1,0,0
18.520553965142966,38.92882251070988,3,2,0,0
2.48460575809556,6.414015487060716,4,0,1,0
29.437646040732595,10.193504920267703,3,2,0,0
14.178488216074312,11.065080589347618,3,1,0,0
26.172958315881274,40.61657139756226,4,2,0,0
18.427253463777042,0.0,3,2,1,0
19.56753219153784,67.0662280048999,1,1,2,0
20.69767280232204,35.84085213599078,3,2,0,0
19.477085600173147,23.348583711937394,2,0,3,1
21.42722759867544,19.176589990755705,2,2,1,1
28.291525301324313,24.283311122864852,4,0,2,0
16.965211697014702,27.816836425690074,4,1,1,0
22.090037575885123,29.678233789250854,1,2,1,0
14.102643057127732,28.334066990051728,7,4,1,0
29.401172154494727,21.343710218828733,3,1,1,1
8.236076979407303,17.039923695390108,2,0,0,0
33.00940432910816,17.730900745197324,6,0,0,0
14.598420493556565,17.076375794709783,0,2,1,0
0.692248978819519,37.00655145300597,6,3,0,0
16.281044149107892,28.90335083421293,3,1,0,0
8.189483425251192,0.0,3,0,1,1
23.40643548988724,29.838511647946415,5,1,0,0
8.473760206976092,22.921042920781623,5,0,0,0
10.538165667852203,19.719368653311538,2,2,0,0
0.0,14.172223203666713,4,1,0,0
10.476936807509233,36.8616907997902,3,1,0,0
0.0,34.21289693184287,6,2,2,0
0.0,8.406834982645863,1,1,0,1
22.604146561442974,26.105784306868028,3,3,1,0
22.858001586508323,5.42514898188071,5,2,1,0
19.254575617849646,0.0,3,1,0,1
5.33023856870787,10.599241631150523,2,3,0,0
14.522886438580201,32.93590208574138,0,0,1,0
14.963974609094317,34.2968756806413,1,2,0,0
3.4163531080745724,27.696281301459393,4,2,0,0
30.033983017671506,30.876436802719958,6,0,2,1
23.773622905756714,27.742674306724375,2,0,0,0
12.79035826170336,10.377776071655717,4,2,1,0
15.268858389945308,26.47883817010911,1,3,0,1
17.083828079475524,32.00614287841523,1,2,0,0
0.0,31.314369947203616,9,2,1,0
12.528226174794032,37.83370057211964,2,0,1,0
8.180157520022014,30.624557708015956,2,1,0,0
4.983799901050844,25.271723113123745,3,1,1,0
12.18899707114045,36.052253574746416,4,0,0,0
32.976865268495224,19.6021811112641,2,1,1,1
21.4084286126701,6.771880231584234,1,0,3,1
9.288210102172032,17.55399554084354,2,2,0,0
20.725827813561587,8.826460327903265,1,2,1,0
